model,rmse_mean,rmse_std,mae_mean,mae_std,r2_mean,r2_std
GAT,4.191989093743464,0.7282412995359867,4.0215116748052155,0.5344251212105917,0.12934246433461,0.3788348252358256
GP,0.043947056285963224,0.02529636567955371,0.03194455143665462,0.015199378759795969,0.9999075575665607,8.674356074658765e-05
GraphSAGE,4.151137717412932,0.7295310815361817,3.9664445610383603,0.5258526029991487,0.14841664373754127,0.3631310480476327
MLP,0.6073974913759229,0.34117289066690254,0.44772711396217346,0.26390428658073894,0.9807186245918273,0.018349900066368916
PE-GNN,4.184886983927285,0.7226502341207593,4.009472701754706,0.5249823982673666,0.1177243568091885,0.4314941682924381
RF,0.6572427166583206,0.4793765402502105,0.2675410139326376,0.13998285792403187,0.9745480092777722,0.029205771061923395
RothC,4.235586654327949,0.7343828038999148,4.034665632247925,0.5281048002582815,0.0754905819892883,0.5168248110416914
XGB,1.2870526420022872,1.7646890981454357,0.4846408568322659,0.6479493861680181,0.8788244962692261,0.21869231055123084
